{"train_data_file": "data/formatted_for_gpt2/train.jsonl", "output_dir": "training_output", "model_type": "t5-base", "eval_data_file": null, "line_by_line": false, "continue_from_dir": "", "overridden_model_configs": {"resid_pdrop": 0.1, "attn_dropout": 0.1}, "model_name_or_path": "t5-base", "mlm": false, "mlm_probability": 0.15, "config_name": null, "tokenizer_name": null, "cache_dir": null, "block_size": 300, "do_train": true, "do_eval": false, "evaluate_during_training": false, "per_gpu_train_batch_size": 8, "per_gpu_eval_batch_size": 16, "gradient_accumulation_steps": 1, "learning_rate": 5e-05, "weight_decay": 0.0, "adam_epsilon": 1e-08, "max_grad_norm": 1.0, "num_train_epochs": 1.0, "max_steps": -1, "warmup_steps": 0, "logging_steps": 50, "save_steps": 500, "save_total_limit": 3, "eval_all_checkpoints": false, "no_cuda": false, "overwrite_output_dir": false, "overwrite_cache": false, "seed": 42, "fp16": false, "fp16_opt_level": "O1", "local_rank": -1, "server_ip": "", "server_port": "", "length": 100, "temperature": 1.0, "repetition_penalty": 1.0, "k": 0, "p": 0.9, "num_return_sequences": 1, "stop_token": "<|endoftext|>", "encoder_layerdrop": null, "decoder_layerdrop": null, "dropout": null, "attention_dropout": null, "adapter_dim": 256, "label_smoothing": 0.0}